brightness,contrast,hue,saturation,warmth,colourfulness,file,group
0.26607566206729605,0.2527399722175633,0.024074840936693022,0.7491947667315157,0.32511413217138707,0.20917137259800087,IMG_20240611_174619.jpg,02_Warm_Earth
0.2786352627136941,0.1352639772778505,0.06914237642557769,0.6073086755734224,0.2614844256020727,0.07019109969777838,IMG_20200419_175604.jpg,02_Warm_Earth
0.2854413193328333,0.24107395531527476,0.0982959413723972,0.4238775816961449,0.12352651880424301,0.23423120284019905,275635163_329862309167906_1766172622988324282_n.webp,02_Warm_Earth
0.28796593560881145,0.18739824533591382,0.019978781072136822,0.4046940799587928,0.10406687000726215,0.17929046724379724,IMG_20230827_225057.jpg,02_Warm_Earth
0.2892880561607359,0.20891051052930695,0.0472355184360134,0.38941808675672596,0.11413374001452432,0.2025762344540122,IMG_20230831_224144.jpg,02_Warm_Earth
0.2916609680645686,0.23996862802404081,0.10495588910106916,0.8181058191121134,0.4236776684576558,0.1504859039813626,IMG_20210608_175432.jpg,02_Warm_Earth
0.2979411111111111,0.1541105167653103,0.12231239436870825,0.2765151752640755,0.05757581699346405,0.1482352622250303,Madonna-copy-2.jpg,02_Warm_Earth
0.3108546589576001,0.17609613755103687,0.07198794831806161,0.20699261954712542,0.027213298139768725,0.17529514596078755,IMG_6018.JPG,02_Warm_Earth
0.3250233426704015,0.12024117954882341,0.12086890170744252,0.31034891514065266,0.1224452447645725,0.10599122311096514,FIMaMFXWYAoI5GX.jpeg,02_Warm_Earth
0.3257593739250086,0.15648484900644355,0.10804871965552199,0.17015456945695673,0.04902172915950006,0.1548555242275236,Leon+Spilliaert.jpg,02_Warm_Earth
0.33191423384168484,0.2746505255510498,0.08187303004654926,0.8293348277805866,0.4804526688453159,0.17706625749117735,277911126_726148745425768_7619526445872976090_n.jpg,02_Warm_Earth
0.3399214596949891,0.20638090105690796,0.0666216638799214,0.4566949075181009,0.17090764705882353,0.1933482557884847,IMG_20190926_194824.jpg,02_Warm_Earth
0.35415098753526913,0.18753271999714327,0.09469456028536553,0.42850838669208746,0.16996721311475407,0.17309882076849015,"Edward_Hopper,_New_York_Interior,_c._1921_1_15_18_-whitneymuseum_(40015892594).jpg",02_Warm_Earth
0.36320531590413946,0.40247922069071795,0.097159240540229,0.6836431329392487,0.022695686274509803,0.40234542495537645,me.jpg,02_Warm_Earth
0.3841982441891944,0.21034391769945074,0.0683176417271507,0.29108444336922834,0.075167343465986,0.20802149181203552,IMG-20260628-WA0014~2.jpg,02_Warm_Earth
0.4108852287581699,0.1666640183544787,0.07650534864802244,0.47273635348719956,0.07069182280319534,0.16193090212184177,PXL_20260702_191042569.jpg,02_Warm_Earth
0.42351077811431703,0.26237006795606027,0.08106885216448252,0.29519109159946433,0.06452239757691695,0.26092562908990885,Ctumblr_maqyep7R4g1ql3umeo1_1280.jpg,02_Warm_Earth
0.4342965494173695,0.1948205464363255,0.062115564402522215,0.32366053971022074,0.15497534781547473,0.1829305280438478,IMG_20210608_175422.jpg,02_Warm_Earth
0.45374427499394826,0.300305299232666,0.007391344855539842,0.38662716909080924,0.1142553376906318,0.2964412066371334,IMG_20241227_012551.jpg,02_Warm_Earth
0.45988839506172835,0.19544480916280235,0.07171575744643234,0.315749649948908,0.04944819172113289,0.19434484541773164,PXL_20260715_054801736.jpg,02_Warm_Earth
0.475493663761801,0.2399596600540137,0.055676933639014325,0.23290611911831297,0.06551868191721133,0.23811493899611702,drawing.anatomy.and.art_20191129_1.png,02_Warm_Earth
0.48050934710801885,0.21100581886893469,0.07359516718791352,0.2230701836439184,0.06550469112376132,0.2091368954442988,FFu_7c1XwAIkLGN.jpeg,02_Warm_Earth
0.48378763495521665,0.24642515203281856,0.016964151694098664,0.4114077668602005,0.04687227305737109,0.24563720917741683,IMG_20250817_151110.jpg,02_Warm_Earth
0.4883109976016551,0.26790506924732876,0.10697288013334028,0.26541412093235633,0.07937485582468282,0.2658693492680457,FIEifaGXwAIB_jU.jpeg,02_Warm_Earth
0.5059381844589688,0.2065903075011079,0.11664196711574061,0.27739078882177004,0.008396862745098039,0.20539669872974253,IMG_20240318_162027.jpg,02_Warm_Earth
0.5119727299582734,0.3024805560505739,0.04038189496415288,0.3893352855051648,0.013486651157638196,0.30241869441651886,MFP-Ricardo+Nagaoka-2022-7.jpg,02_Warm_Earth
0.5496261771253734,0.17853532652785548,0.09492872447166271,0.31403892116888943,0.18965748776742025,0.16026172307668266,Christian-Rohlfs-Roemische-Bauleute_600.jpg,02_Warm_Earth
0.2624882897603486,0.1782893360590269,0.14121296570754854,0.22887309438601566,0.04823349673202615,0.17577758693479253,265247282_153507697006480_7868117419849147761_n.jpg,03_Golden_Hour
0.3156731219236666,0.19686851508522554,0.15035425962171567,0.40742882068504477,0.14377721294279028,0.18302371254141817,IMG_20210330_180448.jpg,03_Golden_Hour
0.3166475535765435,0.2166488202032459,0.19061335059913095,0.27746296326772785,0.0076372679217769435,0.21661723081716874,IMG_20211007_004116.jpg,03_Golden_Hour
0.31803353225348113,0.18311940152548561,0.15792160674842112,0.3489272023469344,0.0889582784365393,0.17813018793695892,De_bedreigde_zwaan_Rijksmuseum_SK-A-4.jpeg,03_Golden_Hour
0.34387501815541033,0.1726399841851821,0.15730010824818177,0.21615996079565508,0.004996949891067538,0.17228815003297318,793ec3bd3762f59cca67aea05c8790b5.jpg,03_Golden_Hour
0.3805521971323627,0.2677183842492601,0.17329782764278692,0.37027664814242023,0.05980014629197045,0.26578772943547196,hieronymus_bosch-the_garden_of_earthly_delights_-_closed-1504-trivium-art-history.jpg,03_Golden_Hour
0.39580945790080735,0.3061353137711482,0.13205096586592469,0.6241252700625121,0.18556939638600536,0.29395274121943626,70_50_3_2_cropped.jpeg,03_Golden_Hour
0.5271175532413922,0.14939280746071498,0.12939455915570888,0.3384683098238782,0.10221421646808643,0.13458357707753088,"Henri-Edmond_Cross,_1893,_La_ferme,_soir_(The_farm,_evening)_oil_on_canvas,_65.0_x_92.0_cm,_Private_collection,_Paris.jpeg",03_Golden_Hour
0.5357530996236879,0.30442316043944234,0.16445990048669865,0.29857504392319567,0.01912257872846108,0.3043157470524763,IMG_20191129_080816.jpg,03_Golden_Hour
0.5521794623218772,0.21334716738275392,0.0732794431628289,0.5025910642173212,0.15312343246708573,0.20363685243115595,PXL_20260721_211604309.jpg,03_Golden_Hour
0.5538659888646816,0.16033136098514786,0.011048542740176734,0.1911884302111025,0.015265998547567175,0.16020594324930823,IMG_20240707_194725.jpg,03_Golden_Hour
0.5570277221011861,0.28629998694351355,0.11981616804014555,0.2920856878791639,0.09230634713144516,0.2837252772440382,IMG_20210320_173841.jpg,03_Golden_Hour
0.575571221081025,0.19583115216047436,0.0665175069167585,0.2892437235766791,0.1600518726008922,0.18424494847889306,272328646_475066264137527_4067976837318847095_n.jpg,03_Golden_Hour
0.5764806623093681,0.19003373625772446,0.053395649183949026,0.32825141499701366,0.09934640522875816,0.18507814081181628,IMG_20230828_204104.jpg,03_Golden_Hour
0.5788317893340912,0.1714789920807353,0.10205694438397134,0.33079039885948275,0.04201631145211708,0.17028318166486756,Henri_Edmond_Cross_-_Le_Cap_Layet_1904_-_(MeisterDrucke-743635).jpg,03_Golden_Hour
0.5933312618307798,0.1608728851634856,0.09135719364709384,0.26316357675094754,0.04525570556091289,0.15977890128355227,280962357_1158840424882468_2093167533924611968_n.webp,03_Golden_Hour
0.5943339186420837,0.26777935657390667,0.09656345948900197,0.24171672353912935,0.12103170422397813,0.26297368150322975,kn-81-viii-a.jpg,03_Golden_Hour
0.6163929490988315,0.24899978249867735,0.04127376806108201,0.4050044012326191,0.09288829471182411,0.24597489896226885,PXL_20260711_084932588.jpg,03_Golden_Hour
0.6271406753812636,0.31028059464976643,0.18309599361179835,0.1997661742791809,0.04111875816993464,0.30963785242326125,38ad30ec924c4554bd4c741ea236a9af_301536842_457960676226949_3513484977010121366_n.jpg,03_Golden_Hour
0.6284190713322366,0.2804945168560501,0.10311711639587032,0.2848173806014886,0.011954337290471746,0.280445188352849,IMG_5331.JPG,03_Golden_Hour
0.6368913009648304,0.22898988213267385,0.11021535359193373,0.46660981510742433,0.16303431372549018,0.21100698100225093,IMG_20211009_101622.jpg,03_Golden_Hour
0.6428890236506973,0.19678027266035855,0.09830643539619559,0.34178207763005886,0.22937483997035243,0.17230069087016553,IMG_20190424_182023.jpg,03_Golden_Hour
0.6623879622849601,0.23099764357424338,0.11969900697063092,0.3469910473717273,0.0678952078756814,0.2291976535099691,IMG_20230828_201858.jpg,03_Golden_Hour
0.6680480148909618,0.19708445524270946,0.1601149152887934,0.21598131904257648,0.05823205787169237,0.1952898055073082,landscape-rain-kao-ko-kung-1248-1310-10731011.jpg.webp,03_Golden_Hour
0.7109753913754906,0.16603074419154432,0.09118231979453631,0.1544339083310533,0.10242078265905519,0.16026201407796567,IMG_20210609_090452.jpg,03_Golden_Hour
0.748508585355046,0.18141742229744898,0.07509527616086772,0.28302038392191425,0.13519203500609284,0.17112478470785972,selbstportrait.jpg,03_Golden_Hour
0.2950044620412267,0.2468074763204036,0.21965188556977963,0.6796291220723473,0.13911199095022628,0.23000690761363884,dd5c7-24962.jpg,04_Greens
0.3693117211328976,0.2132067861616252,0.26016683328831836,0.4030534678184925,0.0729673783587509,0.20844864856998388,IMG_20230903_174833.jpg,04_Greens
0.3774347961406785,0.261948403375092,0.43210547741776273,0.422560942382965,-0.04350953714819261,0.2608437244000265,IMG_20191105_223506.jpg,04_Greens
0.3784917550229969,0.20432137947090703,0.41784153704029786,0.26351339928314055,-0.017628293391430648,0.20359362093421973,image.png,04_Greens
0.3800941952115343,0.2301113885506213,0.41378830737431826,0.2946101656605529,-0.0038614105327995072,0.23008969589714434,230063635_120085906920052_7288109951353199303_n.jpg,04_Greens
0.45556213708170384,0.23161904820055634,0.4392992660060334,0.3575014665454518,-0.0027487078513413724,0.2310135773338715,Edward+Hopper+Boy+and+Moon.jpg,04_Greens
0.4921712477989674,0.27216861886983607,0.24459628248612394,0.3688701086613589,0.038805175038051753,0.2713545429621187,IMG-20220123-WA0004.jpg,04_Greens
0.5328926791416719,0.23930066783164128,0.2089063662514802,0.331146388327507,0.033109320440504963,0.23851958692240002,IMG-20220123-WA0006.jpg,04_Greens
0.5716385403050109,0.19285767324637748,0.34267392160591437,0.4308234495502058,-0.01849712418300653,0.18342661521312778,FLlVzjoVIAEiQY5.jpg,04_Greens
0.3130706298194704,0.18394625006244536,0.4741653007798776,0.5913066778942658,-0.17218154204973826,0.16020564943791152,IMG_20210731_121502.jpg,05_Cyans
0.42416091091091096,0.287200303217982,0.5517866610279185,0.22444884936840032,-0.017872990637696522,0.28693330464339006,144500178_250062063184374_6465332016512148564_n.jpg,05_Cyans
0.523046158315178,0.18887163559679734,0.5544302552953888,0.386753242945281,-0.020639070442992014,0.18853521310378354,IMG_20250624_070208.jpg,05_Cyans
0.2508218736383442,0.1401433453713575,0.5813242219554948,0.39706531653373706,-0.1021487145969499,0.1334533960233235,146709734_439747103742004_5348826101348119537_n.jpg,06_Blues
0.2904684822076979,0.25383739535951805,0.709385179204295,0.4494371224595695,0.0327481917211329,0.2530235307721316,IMG_20210905_121455.jpg,06_Blues
0.29992594707786024,0.18312770681684729,0.5952328595895182,0.5305429533631205,-0.11280512722888508,0.17502171604023178,717853025cbab02a88a8fee91d4e4ed3.jpg,06_Blues
0.3162769771898049,0.2936553345202219,0.645198360316344,0.30616737841412894,-0.09558288054177494,0.2889517841801145,IMG_20200414_161132.jpg,06_Blues
0.39750652142338416,0.2326260600050219,0.6983666733407285,0.521635623817812,-0.20845019607843138,0.2099926896917255,PXL_20260701_191348964.jpg,06_Blues
0.4241687486302871,0.21566648418261933,0.6008619217665869,0.30329068539280946,-0.13543814054221293,0.20781543138676584,IMG-20240706-WA0043~2.jpg,06_Blues
0.43645215235519497,0.21863801024196225,0.6277478909862679,0.21988854906967384,-0.0591297723687176,0.21716731428177224,IMG_20210921_182458.jpg,06_Blues
0.48070627362055934,0.3081437582827687,0.6765458250619354,0.28763442086754126,-0.02225322128851541,0.30795706735023193,281842164_526304029203489_6425556555671571947_n.jpg,06_Blues
0.5006162527233116,0.20284306786501602,0.6645263664652519,0.44473395550986805,-0.1529224183006536,0.18785169327045534,IMG_20210620_123951.jpg,06_Blues
0.5444014715666706,0.2982431241049462,0.5899205325174821,0.5312354801126407,-0.29979006692497356,0.2714479323146167,images (1).jpeg,06_Blues
0.5462812324929972,0.2784874385621027,0.6465385519839046,0.4090568905721221,-0.03021817615935262,0.278205195573388,IMG_20250724_184109~2.jpg,06_Blues
0.5608830501089326,0.2662778451208374,0.5648095993743738,0.6109777749583177,-0.3778069716775599,0.21579237495420103,daa6f6026a354c4eac4568be06521523_352250076_581715190758470_5485735826110339839_n.jpg,06_Blues
0.5691372549019608,0.21023885494127714,0.6025896974469871,0.2849361488732485,-0.08102680125304558,0.20687631775254947,IMG-20260501-WA0031.jpg,06_Blues
0.5794530331638829,0.17575826127126112,0.5949886415957848,0.23013854209158147,0.007601975308641975,0.1757249192006155,IMG_20240707_114637.jpg,06_Blues
0.6109304852458608,0.22116709587393973,0.6931739410967597,0.1788359853572345,-0.007633920510090347,0.22113401354519882,images.jpeg,06_Blues
0.6220621937663955,0.11175441049866656,0.6097966794767613,0.24608608877044047,-0.05154493797519008,0.10692567636824245,MB-Cai-02_Caillebotte_Rue-Halevy-Blick-aus-der-sechsten-Etage_1.jpg,06_Blues
0.8845913144517067,0.16871373806141673,0.6444815509700565,0.3732461138025019,-0.041488932461873636,0.16546771606864571,7bfa3c8eae35d8f0b7c388f79e6404e2.jpg,06_Blues
0.3050104865649964,0.27773932818289604,0.7569966362374769,0.5321211757671832,-0.09654793028322439,0.2745163724066224,9dbbbd3b2a934c251c3b949bf252e443.jpg,07_Purples_Pinks
0.3656724391560993,0.21898120982552385,0.843273360627754,0.25662388838268,-0.0035266744874588012,0.2174497662318755,IMG_20230811_212810.jpg,07_Purples_Pinks
0.4978452514470614,0.2935298080063888,0.8589909480238823,0.3952408988594438,0.04060633484162896,0.29201882790471395,IMG-20241230-WA0048.jpg,07_Purples_Pinks
0.5278784216896635,0.1445363057842833,0.7923684987472199,0.332334223383649,-0.010938910675381263,0.14417650428804474,Marina-Abramović-rest-energy.jpg,07_Purples_Pinks
0.739088307915759,0.2965048883665038,0.914941256619779,0.21234006809086198,-0.008229368191721133,0.29644666096076205,2aeab81f76f6898f7825b093f330ee9e.jpg,07_Purples_Pinks
0.7527339275103981,0.2754251678108935,0.7410563100431002,0.3606871158127638,0.005388057040998219,0.2753978255832201,IMG_20210522_121830.jpg,07_Purples_Pinks
0.08253489296953351,0.06260137750667866,0.10667267124862403,0.4893710429491503,0.06350368295466335,0.05385023546822415,Rembrandt_van_Rijn_-_Rembrandts_zoon_Titus_in_monniksdracht_(Rijksmuseum_Amsterdam).jpg,08_Night_Neon
0.1341886931797201,0.18268173483227484,0.27954474329415924,0.572425361645518,0.0029715298548798038,0.1815219403434766,IMG_20210512_081031.jpg,08_Night_Neon
0.13725063543936095,0.1438311606062974,0.022367669213635963,0.5377616151774434,0.07259188453159042,0.1390766026422058,187201004_156137949800397_600356751617423942_n.jpg,08_Night_Neon
0.1547424642943597,0.1804865213762277,0.10159819568998424,0.6422485423596045,0.07104383442265796,0.1750802571371813,PXL_20260117_202256388.jpg,08_Night_Neon
0.15704922294843865,0.1820806119610162,0.7362613963768447,0.5148636594401602,0.011843747276688453,0.1818577708248373,711ac333cbe448f15107aad0460b951f.jpg,08_Night_Neon
0.17173164851125636,0.21067057075309376,0.5612978644048854,0.8871198900204171,-0.22313092229484385,0.18277175992772912,PXL_20260523_203838584.jpg,08_Night_Neon
0.18526020564082848,0.19567573646092962,0.041057671660952914,0.5396518677102642,0.14906024310176558,0.17963533095429873,IMG_20190518_205348.jpg,08_Night_Neon
0.20206905833938515,0.16253576820432647,0.035030597112569985,0.6242925429779207,0.1805230501089325,0.14180077907191282,IMG_20240802_201304.jpg,08_Night_Neon
0.22433178243048632,0.15139356068218893,0.5452221165525812,0.5612582988819519,-0.18488130054281599,0.12727099927141006,gerhard-richter-kahnfahrt-db009--thumb-xl.jpg,08_Night_Neon
0.09757815442561205,0.14373833155400886,0.8302515988095611,0.39143497853454867,0.0014018389276614608,0.14255627042054728,IMG_20230817_220809.jpg,09_Monochrome
0.11689670297748729,0.1331873635930799,0.0016979145937289024,0.3894102327843159,0.03535529411764706,0.13197596960700722,267274889_449553816571044_6127579007937435255_n.jpg,09_Monochrome
0.14225840269631118,0.11507288212506762,0.7808190536058855,0.27073072541504073,-0.005115915311993743,0.11483516613519983,Screenshot_2018-08-08-16-45-18.png,09_Monochrome
0.14788097312999274,0.18411033608246216,0.0,0.0,0.0002811546840958605,0.18410961347001964,IMG_20210714_131710.jpg,09_Monochrome
0.16249749876106856,0.22309036869150656,0.510412346444364,0.24433869435798278,-0.019525091867934583,0.22285479624316315,IMG_20200921_095058.jpg,09_Monochrome
0.1727834122154609,0.18793119414299822,0.0,0.0,0.0,0.1879311941430557,IMG_20200828_175321.jpg,09_Monochrome
0.17369197860962565,0.22592953123351905,0.0,0.0,0.0,0.22592953123351997,IMG_20190326_232715.jpg,09_Monochrome
0.17875479229723207,0.18906553321244388,0.02271191107245945,0.34492998463102437,0.05676483747861561,0.18709361445783834,e5f7e98146301c4534b38b213c283a18.jpg,09_Monochrome
0.1800228903413217,0.23496748134214177,0.07235040088115065,0.4293415312402342,0.08493385620915032,0.23125325508914032,187381557_312313900342716_3293118700972903551_n.jpg,09_Monochrome
0.205743293636473,0.1986440477539399,0.0,0.0,0.0,0.19864404775392172,IMG_20200922_164045.jpg,09_Monochrome
0.21079738562091505,0.16568386645619798,0.0,0.0,0.0,0.16568386645620106,IMG_20200922_164107.jpg,09_Monochrome
0.21406192045229477,0.17128125418924217,0.24393087247566247,0.3359303252556619,0.05596078431372549,0.1664979255540299,2-the-misery-motionage-designs.jpg,09_Monochrome
0.21508599985544508,0.19518474954201637,0.9127668107448267,0.37151009785005196,0.04768664622247003,0.19319485443829318,youngsunghero1_20200218_1.png,09_Monochrome
0.2235619825708061,0.24937513049200946,0.0,0.0,0.0,0.24937513049208224,IMG_20210708_000810.jpg,09_Monochrome
0.2416682095534932,0.16159658557894685,0.5096080034678926,0.4181415688464343,-0.08087372362942805,0.15281398031273064,image(1).png,09_Monochrome
0.2445060613457001,0.3179213656410529,0.0,0.0,0.0,0.3179213656410454,Screenshot_20190203-225746.png,09_Monochrome
0.3452700072621641,0.27453200291961677,0.0,0.0,0.0,0.2745320029196017,277950259_702333744281706_2271594439745522709_n.webp,09_Monochrome
0.37474213507625276,0.1360791337969407,0.0,0.0,0.0,0.13607913379694214,bodybuilders3.jpg,09_Monochrome
0.3959482239272521,0.22630527159885466,0.0,0.0,0.0,0.22630527159884153,IMG_20190715_195531.jpg,09_Monochrome
0.4003463180827887,0.3348745403415161,0.0,0.0,0.0,0.33487454034158337,IMG_20210522_122118.jpg,09_Monochrome
0.44887937545388534,0.25820904915843257,0.0,0.0,0.024670697167755995,0.2578785033320639,270061145_107910531679892_145830595301327923_n.webp.jpg,09_Monochrome
0.4564608278867102,0.25887276835474476,0.0,0.0,0.0,0.25887276835474127,7ae6569bc8e3f2bfa5dd41c933cde159.jpg,09_Monochrome
0.49509084967320266,0.3761522213208324,0.0,0.0,0.0,0.37615222132081333,IMG_20200630_221045.jpg,09_Monochrome
0.5008360784313726,0.3240923866909073,0.0,0.0,0.0,0.32409238669087437,IMG_20211007_222624.jpg,09_Monochrome
0.596425687003426,0.1982175674074533,0.0,0.0,0.0,0.19821756740747856,kathe-kollwitz.jpg!Portrait.jpg,09_Monochrome
0.36379066811909944,0.2518290674774035,0.9777303383822812,0.34647665702056935,0.0918031348341806,0.24800301823867618,original_e4111742-d2bb-4276-bf93-0627c416b8ed_IMG_20230319_180609.jpg,10_Colourful
0.5011261776809489,0.2363662241483608,0.9635236348405204,0.32611926112978806,0.019880319535221496,0.23601216587214105,PXL_20260710_150727976.MP.jpg,10_Colourful
0.534379186637618,0.24260722221837383,0.9974801861605487,0.3314995284249663,0.1626981263616558,0.22370290293288708,IMG_20210725_000135.jpg,10_Colourful
